Day,Date,Actual_Price,CRR_Simulation,Empirical_Simulation,CRR_Error,Empirical_Error
0,2025-06-16,2506.5739423254713,2452.47509676116,2452.47509676116,-54.09884556431143,-54.09884556431143
1,2025-06-17,2453.655430959497,2453.390494198415,2453.138129419155,-0.26493676108202635,-0.5173015403420322
2,2025-06-18,2497.3405396907274,2454.095289272726,2452.9642330321944,-43.24525041800143,-44.37630665853294
3,2025-06-19,2498.2234954220335,2455.321469294944,2453.2136516691457,-42.90202612708936,-45.00984375288772
4,2025-06-20,2462.2048959633044,2455.740390726606,2453.149182529969,-6.464505236698187,-9.055713433335313
5,2025-06-23,2479.8270002848776,2456.245008025793,2453.768469476548,-23.581992259084473,-26.05853080832958
6,2025-06-24,2487.740068211606,2456.8117311166693,2453.92035389779,-30.928337094936523,-33.81971431381589
7,2025-06-25,2465.935976882237,2457.569211795076,2454.532475351376,-8.36676508716073,-11.403501530860922
8,2025-06-26,2469.0129943369348,2458.1992245560223,2454.4833565019844,-10.81376978091248,-14.529637834950336
9,2025-06-27,2455.274995398283,2458.1626277990904,2454.308330326324,2.8876324008074334,-0.9666650719591416
10,2025-06-30,2459.9512423648493,2458.3458960255975,2454.396605126599,-1.6053463392518097,-5.554637238250507
11,2025-07-01,2485.002062899209,2458.9986298381737,2454.680813497502,-26.00343306103514,-30.32124940170661
12,2025-07-02,2545.3387414993317,2459.4423094753874,2454.6917759808935,-85.89643202394427,-90.64696551843826
13,2025-07-03,2499.0146381746176,2459.800562603782,2455.500961178373,-39.214075570835575,-43.51367699624461
14,2025-07-04,2580.7808548696944,2460.3466261340486,2455.5167729235404,-120.43422873564577,-125.26408194615396
15,2025-07-07,2506.8091591298785,2460.8431340623138,2455.8000031722454,-45.966025067564715,-51.009155957633084
16,2025-07-08,2501.6084791588764,2462.048203904597,2455.536580985448,-39.56027525427953,-46.07189817342851
17,2025-07-09,2524.2870710164493,2462.1110477632146,2455.282881135749,-62.17602325323469,-69.00418988070032
18,2025-07-10,2535.4561273816494,2462.4159776634297,2454.7217428302943,-73.04014971821971,-80.7343845513551
19,2025-07-11,2512.3864038523534,2462.6217826604047,2454.6094402643225,-49.76462119194866,-57.77696358803087
20,2025-07-14,2505.0563422765395,2462.8530952593337,2454.9971042741986,-42.20324701720574,-50.05923800234086
21,2025-07-15,2487.0971127039334,2463.5686084603235,2455.725162546485,-23.52850424360986,-31.371950157448282
22,2025-07-16,2465.6999950591758,2464.9409816964476,2455.943508890617,-0.759013362728183,-9.756486168558695
23,2025-07-17,2497.82354898243,2465.0794738659324,2456.0763260502335,-32.7440751164977,-41.747222932196564
24,2025-07-18,2511.7381526585623,2465.5598954797288,2455.60223962099,-46.17825717883352,-56.13591303757221
25,2025-07-21,2486.2644438278953,2465.735336871869,2455.982414533474,-20.529106956026226,-30.282029294421136
26,2025-07-22,2520.545531336825,2465.050419242388,2455.6494391631363,-55.49511209443699,-64.89609217368888
27,2025-07-23,2532.697275394146,2465.8620415979835,2455.2597839276364,-66.83523379616236,-77.43749146650953
28,2025-07-24,2564.280117740158,2466.3584441191742,2455.1960770299183,-97.92167362098371,-109.0840407102396
29,2025-07-25,2589.1307872575635,2466.786148635221,2455.290496995005,-122.3446386223427,-133.84029026255848
30,2025-07-28,2557.645965808047,2467.1367585358194,2455.5265758683263,-90.50920727222774,-102.1193899397208
31,2025-07-29,2536.7521335718557,2467.7672829346884,2456.0247370131337,-68.98485063716726,-80.72739655872192
32,2025-07-30,2565.8607036602566,2469.0268727755515,2456.1288463672336,-96.8338308847051,-109.73185729302304
33,2025-07-31,2589.9783932448377,2470.0081145897802,2456.3239223764203,-119.97027865505743,-133.65447086841732
34,2025-08-01,2589.6843854609856,2470.0107697290205,2455.904740041488,-119.67361573196513,-133.77964541949768
35,2025-08-04,2594.7649127899695,2470.472924798513,2456.0247370412276,-124.29198799145661,-138.74017574874188
36,2025-08-05,2645.5021434248742,2470.9800153520214,2455.8094734470633,-174.52212807285287,-189.69266997781097
37,2025-08-06,2622.655417774194,2471.717607824272,2456.0708035120447,-150.9378099499222,-166.58461426214944
38,2025-08-07,2644.7955974101405,2472.0405674507124,2456.9863176196227,-172.75502995942816,-187.80927979051785
39,2025-08-08,2637.3137855526584,2472.918298287453,2457.3053121901894,-164.39548726520525,-180.00847336246898
40,2025-08-11,2629.242220610876,2473.7528016989645,2457.771832355975,-155.48941891191134,-171.47038825490063
41,2025-08-12,2673.470198662638,2474.789605531073,2457.6582792495587,-198.68059313156482,-215.81191941307907
42,2025-08-13,2707.318261774782,2475.11161654109,2457.8994864092283,-232.20664523369214,-249.41877536555376
43,2025-08-14,2741.105258781603,2475.761707795586,2457.853721921151,-265.3435509860169,-283.2515368604518
44,2025-08-15,2795.87020127858,2476.6446697401593,2457.8601891518483,-319.2255315384209,-338.0100121267319
45,2025-08-18,2797.3106064568283,2477.301929818067,2458.1562515037217,-320.00867663876124,-339.1543549531066
46,2025-08-19,2826.637245028429,2477.2983977522636,2458.154248556891,-349.3388472761653,-368.4829964715377
47,2025-08-20,2814.0753949417904,2477.5634087602984,2457.9882508561845,-336.5119861814919,-356.0871440856058
48,2025-08-21,2828.3577600665526,2478.55949945408,2458.1035243798924,-349.7982606124724,-370.2542356866602
49,2025-08-22,2823.4064038682222,2479.1732284737454,2457.756895908042,-344.2331753944768,-365.64950796018
50,2025-08-25,2828.082839120966,2479.757481154672,2458.2082959414292,-348.3253579662942,-369.8745431795369
51,2025-08-26,2854.013917301818,2480.708703359942,2458.3841606803157,-373.305213941876,-395.6297566215021
52,2025-08-27,2819.76369464558,2481.3213016169248,2458.472299747292,-338.44239302865526,-361.2913948982882
53,2025-08-28,2910.24972702735,2481.665185469919,2458.4286058197,-428.5845415574313,-451.8211212076503
54,2025-08-29,2867.2363845064515,2482.751725184901,2458.3938286652187,-384.4846593215507,-408.84255584123275
55,2025-09-01,2816.051719522719,2483.5389093532694,2458.7620557092278,-332.5128101694495,-357.2896638134912
56,2025-09-02,2865.971736024081,2484.831713031087,2458.315009703195,-381.1400229929941,-407.65672632088626
57,2025-09-03,2900.7879527949676,2485.425802006145,2457.93567492925,-415.3621507888224,-442.8522778657175
58,2025-09-04,2928.6577293185233,2486.5033367715796,2458.074663913375,-442.15439254694365,-470.5830654051483
59,2025-09-05,2956.9826926447035,2487.1161380181848,2458.448134311233,-469.8665546265188,-498.5345583334706
60,2025-09-08,2957.030887145742,2487.4485049717396,2458.746951707393,-469.5823821740023,-498.2839354383491
61,2025-09-09,2918.082932419337,2488.0454512831693,2458.4046783395434,-430.03748113616757,-459.67825407979353
62,2025-09-10,2921.987218384775,2488.1676338805346,2458.2081173738297,-433.81958450424054,-463.7791010109454
63,2025-09-11,2893.0361262241395,2488.3883009052706,2458.6582947116704,-404.64782531886885,-434.37783151246913
64,2025-09-12,2936.2501538217043,2488.560096723769,2458.6645392857995,-447.6900570979351,-477.5856145359048
65,2025-09-15,2930.3663479869165,2489.077639728215,2458.5066159752337,-441.28870825870126,-471.8597320116828
66,2025-09-16,2894.8838539998574,2490.0023949575657,2458.7297158449855,-404.8814590422917,-436.1541381548718
67,2025-09-17,2881.5380682790624,2490.6646511800623,2458.2102789593264,-390.8734170990001,-423.327789319736
68,2025-09-18,2900.021569991968,2490.7751856058026,2457.9437862022123,-409.2463843861656,-442.0777837897558
69,2025-09-19,2876.1779342545365,2491.730533598406,2457.5784574635036,-384.4474006561304,-418.5994767910329
70,2025-09-22,2841.491245103176,2492.147878902882,2457.9734837855763,-349.343366200294,-383.5177613175997
71,2025-09-23,2852.4672137980538,2493.01944849604,2457.6124405340724,-359.447765302014,-394.8547732639813
72,2025-09-24,2863.540531854268,2493.623408996545,2457.1736623242346,-369.9171228577229,-406.36686953003345
73,2025-09-25,2842.416753300611,2494.536485292638,2457.319445306947,-347.880268007973,-385.09730799366434
74,2025-09-26,2822.9687662757688,2495.1743886639865,2457.314741903981,-327.79437761178224,-365.6540243717877
75,2025-09-29,2833.378552061731,2495.353313893604,2457.620220769185,-338.0252381681271,-375.75833129254625
76,2025-09-30,2773.0521398113283,2495.5912314070806,2457.416387045759,-277.4609084042477,-315.6357527655691
77,2025-10-01,2715.6643307965055,2496.3799930975615,2457.2423405513005,-219.284337698944,-258.42199024520505
78,2025-10-02,2687.0930243726693,2497.0106742978514,2457.2230051911306,-190.0823500748179,-229.87001918153874
79,2025-10-03,2679.0392512728477,2497.414866760006,2457.042633878326,-181.62438451284152,-221.99661739452176
80,2025-10-06,2692.1008001146774,2498.2031937017387,2457.492420029627,-193.89760641293879,-234.6083800850506
81,2025-10-07,2752.8925593813165,2498.57031237014,2457.7233423081657,-254.3222470111764,-295.1692170731508
82,2025-10-08,2789.09478399153,2498.3961457489872,2457.8632766079804,-290.698638242543,-331.2315073835498
83,2025-10-09,2782.968086165202,2498.8435919790554,2457.8489742699126,-284.1244941861464,-325.1191118952893
84,2025-10-10,2782.730867397516,2499.614933103374,2458.0896087900296,-283.1159342941419,-324.6412586074862
85,2025-10-13,2741.745692193035,2500.118932192384,2458.617384299361,-241.6267600006513,-283.128307893674
86,2025-10-14,2741.5326749441438,2500.3708422566588,2458.974300612276,-241.161832687485,-282.558374331868
87,2025-10-15,2730.233822630652,2500.9773589835236,2458.713520154014,-229.25646364712838,-271.5203024766379
88,2025-10-16,2744.031071546731,2501.8144371111102,2458.597072253991,-242.21663443562056,-285.4339992927398
89,2025-10-17,2710.734331167715,2502.2835649378603,2459.105087912898,-208.4507662298547,-251.62924325481708
90,2025-10-20,2732.480396408368,2502.441644090402,2459.4978039035304,-230.0387523179661,-272.9825925048376
91,2025-10-21,2796.5900913288942,2502.859882540545,2459.8722510265084,-293.73020878834905,-336.71784030238587
92,2025-10-22,2792.5899096620465,2503.0722672661245,2459.6640560043184,-289.51764239592194,-332.9258536577281
93,2025-10-23,2810.0299007055073,2503.6394978740304,2459.621656954588,-306.3904028314769,-350.40824375091915
94,2025-10-24,2839.8387829222897,2504.8718996420203,2459.87266096692,-334.9668832802695,-379.96612195536954
95,2025-10-27,2823.3637038421607,2505.8504976075815,2460.1998528888594,-317.51320623457923,-363.16385095330133
96,2025-10-28,2833.436721586267,2506.4355618658633,2460.5514978852243,-327.00115972040385,-372.88522370104283
97,2025-10-29,2834.5388197738002,2506.952085354559,2460.5485372810417,-327.5867344192411,-373.9902824927585
98,2025-10-30,2839.262659773745,2507.786737511929,2460.4732449755866,-331.47592226181587,-378.7894147981583
99,2025-10-31,2807.0924851179598,2507.7753113854246,2460.099834848596,-299.31717373253514,-346.9926502693638
100,2025-11-03,2808.68639085413,2508.3697981793334,2460.3548909689566,-300.31659267479654,-348.33149988517334
101,2025-11-04,2830.3117705198915,2509.428065819555,2460.14149527319,-320.8837047003367,-370.17027524670175
102,2025-11-05,2893.17358512552,2510.000022974361,2460.263052789512,-383.1735621511589,-432.9105323360077
103,2025-11-06,2935.6916704383484,2510.9249836622953,2459.96151339621,-424.7666867760531,-475.7301570421382
104,2025-11-07,3032.662132044623,2511.559073783103,2459.9472710024143,-521.1030582615199,-572.7148610422087
105,2025-11-10,2998.5553172876166,2512.2689990746203,2460.057900301734,-486.2863182129963,-538.4974169858824
106,2025-11-11,3038.6563309992202,2512.424730944203,2460.152064627486,-526.2316000550172,-578.504266371734
107,2025-11-12,3047.6339985949303,2512.80023661671,2459.798588172711,-534.8337619782201,-587.8354104222194
108,2025-11-13,3150.03194926981,2513.4028691768385,2459.269033416779,-636.6290800929714,-690.7629158530308
109,2025-11-14,3112.692543151884,2513.775333927406,2459.54334064418,-598.917209224478,-653.1492025077041
110,2025-11-17,3074.3463006310017,2514.1010675493517,2459.1244219944674,-560.24523308165,-615.2218786365343
111,2025-11-18,3047.4385064693515,2514.952332217891,2459.0424627470134,-532.4861742514604,-588.3960437223382
112,2025-11-19,2952.472538519879,2515.457673317485,2458.8528745869075,-437.01486520239405,-493.61966393297143
113,2025-11-20,2929.8658664922377,2515.0951083676146,2459.0421092466945,-414.77075812462317,-470.8237572455432
114,2025-11-21,2897.2721393370675,2515.402632771587,2459.3936148419016,-381.8695065654806,-437.87852449516595
115,2025-11-24,2904.396314251262,2516.0856648282597,2459.2725109591875,-388.31064942300236,-445.1238032920746
116,2025-11-25,2919.9073874117025,2516.7278852328923,2459.7830219025736,-403.17950217881025,-460.1243655091289
117,2025-11-26,3003.8489861784115,2517.435260637338,2459.4398077999363,-486.4137255410733,-544.4091783784752
118,2025-11-27,3047.589100831811,2517.891165773809,2459.581040577294,-529.6979350580018,-588.0080602545167
119,2025-11-28,3021.9347273571852,2518.5389069637863,2459.074958354536,-503.39582039339894,-562.859769002649
120,2025-12-01,2982.0800023203365,2519.3232814882217,2459.0154770829863,-462.75672083211475,-523.0645252373502
121,2025-12-02,3004.7664123351196,2519.538472789239,2458.549586406513,-485.2279395458804,-546.2168259286068
122,2025-12-03,2946.4360868790864,2520.3068728618377,2458.758405382568,-426.1292140172486,-487.6776814965183
123,2025-12-04,3029.1080866539774,2520.6020868962223,2458.71943592359,-508.50599975775503,-570.3886507303873
124,2025-12-05,3083.7914097911867,2520.974348744077,2458.835094862905,-562.8170610471097,-624.9563149282817
125,2025-12-08,3062.777494998169,2521.365396620415,2458.745500495688,-541.4120983777539,-604.0319945024812
126,2025-12-09,2985.672947370301,2521.6068640767044,2458.4452062720557,-464.0660832935964,-527.2277410982451
127,2025-12-10,3047.5355574635387,2522.0984567897135,2458.6414633017826,-525.4371006738252,-588.8940941617561
128,2025-12-11,3042.9126107379175,2522.758664633405,2458.112055097953,-520.1539461045127,-584.8005556399644
129,2025-12-12,3100.5589356291284,2523.338490873164,2458.411871677517,-577.2204447559643,-642.1470639516115
